Case.number	AGE	MSI	P53	KRAS	BRAF	DUKES	LOCATION	GENDER	DIFF	Hypomethylation	Hypermethylation	EDF	GDF	GDF.Arribas.et.al.1997	GDF.CGH	Global.methylation	TIME	DEAD	Band.C.5.scoring.Koichi	Band.C.5.scoring.Johanna	Normal.Bisulfite.Sequencing	Tumor.Bisulfite.Sequencing	Difference	Combined.all.cases.Hypomethylation.or.No.Change	Hypo.divided.Demethylation.and.Severe.demethylation	Classification	Classification2
33	61	-	+	-	-	B	d	M	MP	0.10126582278481	0.0316455696202532	0.132911392405063	0.383	0.407	0.562354106246021	0.05	29	YES	Hypo	Hypo	0.8513	0.5466	0.3047	HYPO	SD	SD	SD
36	80	-	+	-	-	B	p	F	M	0.227848101265823	0.0569620253164557	0.284810126582278	0.403	0.352	NA	NA	27	YES	NC	NC	NA	NA	NA	NC	NC	NC	NC
38	72	-	+	+13	-	C	p	F	WM	NA	NA	NA	NA	NA	NA	NA	43	YES			0.864705882352941	0.88953488372093	-0.024829001367989	NC	NC	NC	NC
45	76	-	+	-	-	B	d	M	M	NA	NA	NA	NA	0.141	NA	NA	57	NO			0.863905325443787	0.761467889908257	0.10243743553553	HYPO	SD	SD	SD
47	59	-	+	+12	-	B	d	M	M	0.00632911392405063	0.00632911392405063	0.0126582278481013	0.032	0.216	NA	NA	55	NO	NC	NC	0.9084	0.8652	0.0432	NC	NC	NC	NC
50	74	-	-	-	-	B	p	M	M	0.0379746835443038	0.126582278481013	0.164556962025316	0.061	0.238	NA	NA	50	NO	NC	NC	NA	NA	NA	NC	NC	NC	NC
55	68	-	-	+12	-	B	d	M	WM	0.0126582278481013	0.0126582278481013	0.0253164556962025	0.015	0.236	0.117351630473226	NA	50	NO	NC	Hypo	0.902	0.8044	0.0976	HYPO	D	D	D
59	56	-	-	+12	-	B	d	M	M	0.0189873417721519	0.0949367088607595	0.113924050632911	0.145	0.159	NA	NA	45	NO	NC	NC	NA	NA	NA	NC	NC	NC	NC
61	55	+	+	-	+	B	p	F	M	0	0.00632911392405063	0.00632911392405063	0.127	NA	0.11074956968711	NA	44	NO	NC	NC	NA	NA	NA	NC	NC	NC	NC
62	62	-	+	-	-	B	p	M	M	0.0886075949367089	0.0759493670886076	0.164556962025316	0.245	0.488	0.640659262927071	NA	53	NO	Hypo	Hypo	0.8537	0.8259	0.0278	HYPO	D	D	NC
68	73	+	-	-	-	B	p	M	M	0.0316455696202532	0.0822784810126582	0.113924050632911	0.451	NA	0	NA	42	YES	Hypo	Hypo	0.915	0.8856	0.0294	HYPO	D	D	NC
73	72	+	-	-	+	B	p	F	P	NA	NA	NA	NA	NA	NA	NA	NA				0.824120603015075	0.870588235294118	-0.0464676322790423	NC	NC	NC	NC
75	68	+/-	+	+12	-	B	p	M	M	0.0822784810126582	0.132911392405063	0.215189873417722	0.364	NA	NA	NA	36	NO	Hypo	Hypo	NA	NA	NA	HYPO	D	D	D
78	62	-	+	-	-	B	d	M	M	0.0569620253164557	0.126582278481013	0.183544303797468	0.383	0.382	NA	NA	72	NO*	NC	NC	NA	NA	NA	NC	NC	NC	NC
80	57	-	-	-	+	D	p	M	P	0.0759493670886076	0.0949367088607595	0.170886075949367	0.3	0.486	NA	NA	9	YES	NC	NC	NA	NA	NA	NC	NC	NC	NC
91	53	+	-	-	+	B	p	F	P	NA	NA	NA	NA	NA	NA	-0.05	NA				0.850340136054422	0.907246376811594	-0.0569062407571725	NC	NC	NC	NC
92	37	+	+	+12	-	B	d	M	M	NA	NA	NA	NA	NA	NA	0.16	NA				0.901840490797546	0.913157894736842	-0.011317403939296	NC	NC	NC	NC
96	66	+/-	-	+13	-	C	p	M	W	NA	NA	NA	NA	0.255	NA	NA	20	YES			0.895161290322581	0.879356568364611	0.0158047219579693	NC	NC	NC	NC
117	93	-	+	+12	-	C	p	M	M	NA	NA	NA	NA	0.123	NA	NA	9	YES			0.899408284023669	0.934673366834171	-0.0352650828105022	NC	NC	NC	NC
129	73	-	+	-	NA	B	d	M	M	0.0316455696202532	0.0822784810126582	0.113924050632911	0.255	NA	NA	NA	65	NO	NC	NC	NA	NA	NA	NC	NC	NC	NC
136	58	+/-	+	-	-	B	p	M	M	0.132911392405063	0.0886075949367089	0.221518987341772	0.367	0.427	NA	0.05	23	YES	NC	NC	NA	NA	NA	NC	NC	NC	NC
150	69	-	+	+12	NA	B	d	M	M	NA	NA	NA	0.036	0.083	NA	0.13	14	YES			0.87192118226601	0.864541832669323	0.00737934959668718	NC	NC	NC	NC
153	63	-	+	-	NA	A	d	M	M	0.0506329113924051	0.0822784810126582	0.132911392405063	0.389	0.279	NA	0.14	50	NO	Hypo	Hypo	0.9415	0.5077	0.4338	HYPO	SD	SD	SD
154	58	-	-	+12	-	M	d	M	W	0	0.00632911392405063	0.00632911392405063	0.293	NA	NA	0.08	1	YES	NC	NC	NA	NA	NA	NC	NC	NC	NC
156	60	-	+	-	-	C	d	M	M	NA	NA	NA	NA	0.245	NA	NA	39	NO			0.912751677852349	0.794285714285714	0.118465963566635	HYPO	D	D	SD
180	55	-	+	-	-	A	d	M	NA	NA	NA	NA	NA	0.276	NA	NA	45	NO			0.876923076923077	0.876811594202899	0.000111482720178357	NC	NC	NC	NC
189	71	+/-	+	-	-	C	na	F	P	0.0632911392405063	0.10126582278481	0.164556962025316	0.478	0.269	NA	0.1	4	YES	NC	NC	0.8636	0.901	-0.0374	NC	NC	NC	NC
190	63	-	-	-	-	B	d	M	M	NA	NA	NA	0.018	0.291	NA	0.19	42	NO			0.939024390243902	0.88515406162465	0.0538703286192526	NC	NC	NC	D
191	78	-	-	-	NA	C	p	M	P	0.0759493670886076	0.0822784810126582	0.158227848101266	0.292	0.6	NA	NA	3	YES	NC	NC	0.9326	0.9055	0.0271	NC	NC	NC	NC
193	68	-	+	-	-	B	d	F	M	0.0632911392405063	0.00632911392405063	0.069620253164557	0.144	0.168	0.16057154983377	0	47	NO	NC	NC	NA	NA	NA	NC	NC	NC	NC
194	56	-	-	-	-	B	d	M	M	NA	NA	NA	NA	0.13	NA	NA	43	NO			0.889423076923077	0.85286783042394	0.0365552464991368	NC	NC	NC	NC
197	57	+	-	-	-	D	p	M	W	0.0316455696202532	0.0126582278481013	0.0443037974683544	0.2	NA	0.0797670415694042	0	5	YES	NC	NC	NA	NA	NA	NC	NC	NC	NC
198	47	-	+	-	-	B	d	F	M	0.0316455696202532	0.0126582278481013	0.0443037974683544	0.12	NA	0.685246752021881	NA	66	NO	NC	NC	NA	NA	NA	NC	NC	NC	NC
199	61	-	+	-	-	A	d	M	M	0.0886075949367089	0.0443037974683544	0.132911392405063	0.193	NA	0.654169908750088	0.14	73	NO	Hypo	Hypo	0.8988	0.758	0.1408	HYPO	SD	SD	SD
201	54	+	-	-	-	C	p	F	M	NA	NA	NA	NA	NA	0.00172125156209474	0.07	NA				0.824324324324324	0.822222222222222	0.00210210210210215	NC	NC	NC	NC
202	54	+/-	+	-	+	C	p	F	M	0.0316455696202532	0.0379746835443038	0.069620253164557	NA	0.281	NA	NA	77	NO	NC	NC	NA	NA	NA	NC	NC	NC	NC
208	64	-	+	+12	-	C	p	M	M	NA	NA	NA	NA	NA	NA	NA	NA				0.950980392156863	0.910941475826972	0.0400389163298907	NC	NC	NC	NC
239	71	+/-	+	-	-	B	d	M	M	NA	NA	NA	NA	NA	NA	NA	NA				0.892307692307692	0.87037037037037	0.021937321937322	NC	NC	NC	NC
267	68	-	+	-	-	M	NA	F	NA	NA	NA	NA	NA	NA	NA	NA	NA				0.844221105527638	0.734335839598998	0.109885265928641	HYPO	SD	SD	SD
294	68	-	+	-	-	C	d	F	WM	0.0506329113924051	0.132911392405063	0.183544303797468	0.309	NA	NA	0.06	40	NO	NC	NC	NA	NA	NA	NC	NC	NC	NC
301	84	+	+	+12	-	A	p	M	M	0.00632911392405063	0.0126582278481013	0.0189873417721519	0.015	NA	0.000259366673740303	-0.02	55	NO	NC	NC	NA	NA	NA	NC	NC	NC	NC
328	45	+	-	-	-	B	p	M	M	NA	NA	NA	NA	NA	NA	NA	NA				0.878947368421053	0.839572192513369	0.0393751759076836	NC	NC	NC	NC
334	75	+	-	-	-	B	p	M	P	NA	NA	NA	NA	NA	NA	NA	NA				0.810810810810811	0.815513626834382	-0.0047028160235707	NC	NC	NC	NC
336	75	-	+	+12	NA	B	p	F	WM	0.0126582278481013	0.0189873417721519	0.0316455696202532	0.309	NA	0.0558817287967744	NA	19	NO	NC	NC	NA	NA	NA	NC	NC	NC	NC
347	62	+/-	+	-	-	D	d	F	MP	NA	NA	NA	NA	NA	NA	NA	NA				0.948186528497409	0.934959349593496	0.0132271789039135	NC	NC	NC	NC
353	60	+	-	-	-	A	p	M	M	NA	NA	NA	NA	NA	NA	NA	NA				0.907608695652174	0.88013698630137	0.0274717093508041	NC	NC	NC	NC
358	56	+/-	+	-	-	D	d	M	M	NA	NA	NA	NA	NA	NA	NA	NA				0.876923076923077	0.89051094890511	-0.0135878719820326	NC	NC	NC	NC
366	53	-	-	-	-	D	d	M	M	NA	NA	NA	NA	NA	NA	NA	NA				0.871794871794872	0.833333333333333	0.0384615384615384	NC	NC	NC	NC
367	70	+	-	-	-	through wall	p	F	M	NA	NA	NA	0.145	NA	NA	NA	NA				0.966666666666667	0.89873417721519	0.0679324894514768	NC	D	D	D
377	54	+	-	+13	-	M	NA	F	NA	NA	NA	NA	NA	NA	NA	NA	NA				0.846153846153846	0.809069212410501	0.0370846337433449	NC	NC	NC	NC
384	79	+	-	-	+	B	p	M	MP	NA	NA	NA	NA	NA	NA	NA	NA				0.872448979591837	0.876847290640394	-0.00439831104855737	NC	NC	NC	NC
396	74	-	-	-	NA	C	d	F	M	0.0189873417721519	0	0.0189873417721519	0	NA	0.631345641460942	0.01	3	YES	NC	NC	NA	NA	NA	NC	NC	NC	NC
402	50	-	-	-	-	C	d	M	M	NA	NA	NA	NA	NA	NA	NA	NA				0.835820895522388	0.869230769230769	-0.0334098737083812	NC	NC	NC	NC
405	78	+	-	+13	-	B	NA	M	M	NA	NA	NA	NA	NA	NA	NA	NA				0.868571428571429	0.827510917030568	0.0410605115408609	NC	NC	NC	NC
410	74	+	-	-	+	A	p	M	M	NA	NA	NA	NA	NA	NA	NA	NA				0.92156862745098	0.923857868020305	-0.00228924056932422	NC	NC	NC	NC
413	61	+/-	-	+12	-	B	p	F	M	NA	NA	NA	NA	NA	NA	NA	NA				0.893939393939394	0.871536523929471	0.0224028700099229	NC	NC	NC	NC
418	70	-	-	+12	-	C	p	F	M	NA	NA	NA	NA	NA	NA	NA	NA				0.943589743589744	0.871859296482412	0.0717304471073316	NC	D	D	D
442	86	+	-	-	+	B	p	F	MP	0.0759493670886076	0.145569620253165	0.221518987341772	0.309	NA	0.0631911532385466	0.08	20	YES	Hypo	Hypo	0.9133	0.8304	0.0829	HYPO	D	D	D
447	72	-	-	-	-	D	d	M	M	0.10126582278481	0.069620253164557	0.170886075949367	0	NA	NA	NA	30	YES	Hypo	Hypo	NA	NA	NA	HYPO	D	D	D
448	61	-	-	+12	-	B	d	M	M	0.069620253164557	0.0189873417721519	0.0886075949367089	0.15	NA	0.626747777699182	0.07	30	YES	Hypo	Hypo	0.896	0.8364	0.0596	HYPO	D	D	D
450	69	+	+'('-')	-	+	A	p	F	M	NA	NA	NA	NA	NA	NA	NA	NA				0.916167664670659	0.864795918367347	0.0513717463033118	NC	NC	NC	D
453	52	+	-	-	-	A	p	F	NA	0.0126582278481013	0.0506329113924051	0.0632911392405063	0.129	NA	NA	NA	107	NO	Hypo	Hypo	0.9302	0.8557	0.0745	HYPO	D	D	D
455	37	-	-	+12	NA	B	p	M	MP	0.0253164556962025	0.113924050632911	0.139240506329114	0.029	NA	0	0.04	108	YES	NC	NC	NA	NA	NA	NC	NC	NC	NC
463	58	-	+	+12	-	B	p	M	M	0.069620253164557	0.069620253164557	0.139240506329114	0.272	NA	0.720284831765344	0.09	26	YES	Hypo	Hypo	0.9065	0.8175	0.089	HYPO	D	D	D
475	76	+/-	-	+12	-	B	d	M	M	0.0379746835443038	0.107594936708861	0.145569620253165	0	NA	NA	NA	20	YES	NC	NC	NA	NA	NA	NC	NC	NC	NC
476	65	+	+	-	+	C	p	F	M	0.0189873417721519	0.0632911392405063	0.0822784810126582	0.254	NA	0.00134399094574521	NA	88	YES	NC	NC	NA	NA	NA	NC	NC	NC	NC
481	56	-	+	-	-	M	p	M	NA	0.0316455696202532	0.0126582278481013	0.0443037974683544	0.146	NA	NA	-0.02	4	YES	NC	NC	NA	NA	NA	NC	NC	NC	NC
482	46	-	+	+12	-	C	p	F	W	0.0443037974683544	0.0379746835443038	0.0822784810126582	0.072	NA	0.456296715474759	-0.05	54	YES	Hypo	Hypo	NA	NA	NA	HYPO	D	D	D
492	45	-	-	+12	-	B	d	F	WM	0.0316455696202532	0.0949367088607595	0.126582278481013	0.256	NA	0.775105515078635	NA	85	NO	NC	NC	NA	NA	NA	NC	NC	NC	NC
494	79	-	+	+12	-	B	p	F	M	0.00632911392405063	0.0569620253164557	0.0632911392405063	0.214	NA	0.0286010704769989	0.1	86	NO	NC	NC	NA	NA	NA	NC	NC	NC	NC
504	76	+	-	-	+	B	p	F	P	NA	NA	NA	NA	NA	NA	NA	NA				0.821052631578947	0.795013850415512	0.0260387811634349	NC	NC	NC	NC
505	76	-	+	+12	-	A	p	M	M	0.126582278481013	0.0379746835443038	0.164556962025316	0.328	NA	0.332248709061328	0	9	YES	Hypo	Hypo	NA	NA	NA	HYPO	D	D	D
516	73	-	-	-	-	M	p	F	M	0.10126582278481	0.113924050632911	0.215189873417722	0.383	NA	NA	NA	15	YES	NC	NC	NA	NA	NA	NC	NC	NC	NC
518	55	-	-	+12	-	D	p	M	M	0.069620253164557	0.069620253164557	0.139240506329114	0.326	NA	0.323335927000071	NA	7	YES	NC	NC	NA	NA	NA	NC	NC	NC	NC
520	62	-?	-	-	-	C	p	M	M	0.0126582278481013	0.0316455696202532	0.0443037974683544	0.032	NA	NA	NA	7	YES	NC	NC	NA	NA	NA	NC	NC	NC	NC
524	68	-	-	+13	-	B	p	F	M	0.0316455696202532	0.0822784810126582	0.113924050632911	NA	NA	0.0334111433354554	NA	12	YES	NC	NC	NA	NA	NA	NC	NC	NC	NC
525	60	-	+	+12	-	B	p	M	M	0.0379746835443038	0.0316455696202532	0.069620253164557	0	NA	0.042488976916366	NA	73	NO	NC	NC	NA	NA	NA	NC	NC	NC	NC
527	49	-	+	-	-	B	d	M	M	0.0443037974683544	0.10126582278481	0.145569620253165	0.227	NA	0.607554643842399	0.03	65	NO	NC	NC	NA	NA	NA	NC	NC	NC	NC
528	80	+/-	-	-	-	C	d	F	M	0.0379746835443038	0.0822784810126582	0.120253164556962	0.568	NA	0.101483105798024	NA	71	NO	NC	NC	0.8977	0.9213	-0.0236	NC	NC	NC	NC
533	75	-	+	-	-	C	d	F	W	0.0569620253164557	0.10126582278481	0.158227848101266	0.291	NA	NA	0	62	NO	NC	NC	NA	NA	NA	NC	NC	NC	NC
535	69	-	-	+12	-	D	d	M	M	0.0126582278481013	0	0.0126582278481013	0.164	NA	0.226167739501544	-0.01	42	YES	NC	NC	NA	NA	NA	NC	NC	NC	NC
536	61	-	-	+12	-	O	p	F	na	0.0443037974683544	0.0443037974683544	0.0886075949367089	0.217	NA	0.00212209096696612	0.11	10	YES	NC	NC	NA	NA	NA	NC	NC	NC	NC
542	69	+	-	-	+	B	p	F	MP	0.0126582278481013	0.0759493670886076	0.0886075949367089	0.145	NA	NA	NA	68	NO	NC	NC	NA	NA	NA	NC	NC	NC	NC
543	52	-	+	+13	-	C	p	F	M	0.0632911392405063	0.0379746835443038	0.10126582278481	0.328	NA	0.542241399636887	NA	4	YES	NC	NC	NA	NA	NA	NC	NC	NC	NC
544	66	-	-	-	-	B	p	F	M	0.0379746835443038	0.0253164556962025	0.0632911392405063	0.129	NA	NA	NA	61	NO	NC	NC	NA	NA	NA	NC	NC	NC	NC
546	75	-	+	-	-	B	p	M	WM	NA	NA	NA	0.436	NA	NA	0.01	NA				0.867549668874172	0.901315789473684	-0.033766120599512	NC	NC	NC	NC
547	60	+	+	-	+	D	p	M	MP	0.0379746835443038	0.0506329113924051	0.0886075949367089	0.35	NA	0.000141472731131074	NA	2	YES	Hypo	Hypo	0.9127	0.7054	0.2073	HYPO	SD	SD	SD
550	64	+	-	+13	-	B	p	M	W	NA	NA	NA	0.055	NA	NA	NA	NA				0.907975460122699	0.94047619047619	-0.0325007303534911	NC	NC	NC	NC
552	54	-	-	-	-	C	p	F	P	0.0886075949367089	0.0506329113924051	0.139240506329114	0.291	NA	NA	NA	3	YES	Hypo	Hypo	0.9296	0.8444	0.0851999999999999	HYPO	D	D	D
553	53	-	+	-	+	B	p	M	P	0.0316455696202532	0.0443037974683544	0.0759493670886076	0.033	NA	0.00660206078611681	NA	84	NO	Hypo	Hypo	0.9188	0.8134	0.1054	HYPO	D	D	SD
557	65	-	-	-	-	D	p	M	na	0.0443037974683544	0.0822784810126582	0.126582278481013	0.235	NA	0.449199500129683	NA	49	YES	NC	NC	NA	NA	NA	NC	NC	NC	NC
565	51	-	-	-	-	M	na	M	NA	0.113924050632911	0.107594936708861	0.221518987341772	0.333	NA	NA	NA	48	NO	NC	NC	NA	NA	NA	NC	NC	NC	NC
566	46	-	+	+12	-	C	d	M	P	0.0253164556962025	0.0316455696202532	0.0569620253164557	0.433	NA	0.583362806818986	NA	20	YES	NC	NC	0.8615	0.8964	-0.0348999999999999	NC	NC	NC	NC
567	65	-	-	-	-	M	na	F	NA	0.0443037974683544	0.120253164556962	0.164556962025316	0.273	NA	NA	NA	22	YES	NC	NC	NA	NA	NA	NC	NC	NC	NC
568	55	-	+	-	-	M	na	F	NA	0.0189873417721519	0.0506329113924051	0.069620253164557	0.329	NA	NA	NA	3	YES	NC	NC	NA	NA	NA	NC	NC	NC	NC
650	73	-	-	+12	-	A	p	F	NA	0.0632911392405063	0.0949367088607595	0.158227848101266	0	NA	NA	0.07	NA	?	NC	NC	NA	NA	NA	NC	NC	NC	NC
651	80	-	+	+12	-	B	d	F	M	0.107594936708861	0.0316455696202532	0.139240506329114	0.328	NA	NA	0.06	NA	?	NC	NC	NA	NA	NA	NC	NC	NC	NC
652	92	-	-	+12	-	B	d	F	M	0.0822784810126582	0.0949367088607595	0.177215189873418	0.528	NA	NA	-0.01	NA	?	Hypo	ND	0.8981	0.8262	0.0719	HYPO	D	D	D
654	70	-	-	-	-	D	d	F	M	0.0443037974683544	0.0569620253164557	0.10126582278481	0.364	NA	NA	0.08	NA	?	NC	NC	0.9027	0.8408	0.0619	NC	D	D	D
656	64	-	-	+12	-	C	p	F	M	0.0379746835443038	0.0506329113924051	0.0886075949367089	0.202	NA	0.592063379783547	NA	36	NO	NC	NC	0.9135	0.9017	0.0118	NC	NC	NC	NC
660	83	-	+	-	-	B	d	M	M	0.0253164556962025	0.107594936708861	0.132911392405063	0.015	NA	NA	-0.02	NA	?	NC	NC	NA	NA	NA	NC	NC	NC	NC
661	67	-	-	-	-	A	d	M	M	0.0569620253164557	0.0759493670886076	0.132911392405063	0.118	NA	NA	-0.05	NA	?	NC	NC	NA	NA	NA	NC	NC	NC	NC
662	92	-	-	+13	-	C	p	M	M	0.069620253164557	0.069620253164557	0.139240506329114	0.292	NA	NA	0.09	NA	?	NC	NC	0.83	0.8327	-0.00270000000000004	NC	NC	NC	NC
663	82	-	+	-	-	D	p	M	P	0.00632911392405063	0.0506329113924051	0.0569620253164557	0.129	NA	NA	-0.02	NA	?	NC	NC	0.9176	0.8916	0.0260000000000001	NC	NC	NC	NC
664	88	-	-	-	-	C	d	F	M	0.0822784810126582	0.0949367088607595	0.177215189873418	0.294	NA	0.255641225153852	0.09	NA	?	Hypo	ND	0.9118	0.9529	-0.0410999999999999	HYPO?	D?	NC	NC
665	61	-	-	-	-	C	p	F	M	0.0189873417721519	0.0759493670886076	0.0949367088607595	0	NA	NA	0.02	NA	?	NC	NC	NA	NA	NA	NC	NC	NC	NC
673	81	-	+	-	+	D	p	F	P	0.145569620253165	0.0886075949367089	0.234177215189873	0.346	NA	NA	0.2	NA	?	Hypo	Hypo	0.8962	0.9248	-0.0286	HYPO?	D?	NC	NC
678	50	-	-	-	+	C	p	M	MP	0.0384615384615385	0.134615384615385	0.173076923076923	NA	NA	0.731013180542784	NA	NA				0.9016	0.8366	0.0649999999999999	NC	NC	NC	D
682	78	-	-	-	-	B	p	F	M	0.0961538461538462	0.115384615384615	0.211538461538462	NA	NA	0.184574756549009	NA	NA				0.8266	0.8879	-0.0613	NC	NC	NC	NC
685	63	-	+	+12	-	C	d	F	P	0	0.0192307692307692	0.0192307692307692	NA	NA	0.189431986984509	NA	NA				0.8557	0.8889	-0.0332	NC	NC	NC	NC
686	87	-	-	+12	-	B	p	F	na	0.0769230769230769	0	0.0769230769230769	NA	NA	0.0298743250571786	NA	NA				0.8995	0.8655	0.0339999999999999	NC	NC	NC	NC
692	78	-	+	-	-	B	p	M	MP	NA	NA	NA	NA	NA	NA	NA	NA				0.8649	0.828	0.0369	NC	NC	NC	NC
694	62	-	+	-	-	C	d	M	M	0	0.0576923076923077	0.0576923076923077	NA	NA	0.5942797859046	NA	NA				0.9327	0.9279	0.00480000000000003	NC	NC	NC	NC
699	61	-	-	-	-	B	p	F	M	0.0192307692307692	0.0192307692307692	0.0384615384615385	NA	NA	0.134611303671217	NA	NA				0.8325	0.9052	-0.0727	NC	NC	NC	NC
701	54	-	+	+12	-	B	d	M	M	NA	NA	NA	NA	NA	0.495461083209545	NA	NA				0.8761	0.9011	-0.025	NC	NC	NC	NC
702	40	-	+	-	-	D	d	M	M	NA	NA	NA	NA	NA	NA	NA	NA				0.8042	0.8485	-0.0443	NC	NC	NC	NC
706	77	-	+	-	-	B	p	F	P	NA	NA	NA	NA	NA	0.00188630308174766	NA	NA				0.9124	0.9111	0.00129999999999997	NC	NC	NC	NC
709	67	-	+	+	-	C	d	M	M	NA	NA	NA	NA	NA	NA	NA	NA				0.9122	0.8198	0.0924	HYPO	SD	SD	D
711	46	-	+	-	-	B	d	M	M	NA	NA	NA	NA	NA	NA	NA	NA				0.8969	0.8847	0.0122	NC	NC	NC	NC
712	67	-	-	-	-	B	p	F	M	NA	NA	NA	NA	NA	NA	NA	NA				0.8546	0.7717	0.0829	HYPO	SD	SD	D
715	66	-	-	+	-	C	d	M	P	NA	NA	NA	NA	NA	0.127985664096579	NA	NA				0.9067	0.8615	0.0451999999999999	NC	NC	NC	NC
716	68	+	-		-	B	p	M	B	NA	NA	NA	NA	NA	NA	NA	NA				0.85427135678392	0.841432225063939	0.012839131719981	NC	NC	NC	NC
717	50	-	-	-	-	C	p	F	MP	NA	NA	NA	NA	NA	0.236306618565938	NA	NA				0.8649	0.8403	0.0246	NC	NC	NC	NC
719	77	-	-	NA	NA	C	p	M	M	0.0769230769230769	0	0.0769230769230769	NA	NA	0.0326330433142345	NA	NA				0.9156	0.9101	0.00549999999999995	NC	NC	NC	NC
721	27	-	+	NA	NA	D	d	F	P	NA	NA	NA	NA	NA	NA	NA	NA				0.8859	0.8765	0.00940000000000007	NC	NC	NC	NC
724	69	-	-	NA	NA	B	d	M	M	0.0192307692307692	0.0576923076923077	0.0769230769230769	NA	NA	0.280870528872227	NA	NA				0.7976	0.9146	-0.117	NC	NC	NC	NC
726	73	-	NA	NA	NA	D	d	M	M	0.0192307692307692	0.0192307692307692	0.0384615384615385	NA	NA	0.222725236377355	NA	NA				0.908	0.8591	0.0488999999999999	NC	NC	NC	NC
727	53	-	NA	NA	NA	C	d	M	M	0.115384615384615	0.173076923076923	0.288461538461538	NA	NA	0.613331447030252	NA	NA				0.9028	0.8431	0.0597	NC	NC	NC	D
701bis	54	-	+	+12	-	B	d	M	M	NA	NA	NA	NA	NA	NA	NA	NA				0.8761	0.9011	-0.025			NA	NC
727bis	53	-	NA	NA	NA	C	d	M	M	NA	NA	NA	NA	NA	NA	NA	NA				0.9028	0.8431	0.0597			NA	D
